names	type	treatment
SRR11412215.sra	SE	mock_SARS_NHBE
SRR11412216.sra	SE	mock_SARS_NHBE
SRR11412217.sra	SE	mock_SARS_NHBE
SRR11412218.sra	SE	mock_SARS_NHBE
SRR11412219.sra	SE	mock_SARS_NHBE
SRR11412220.sra	SE	mock_SARS_NHBE
SRR11412221.sra	SE	mock_SARS_NHBE
SRR11412222.sra	SE	mock_SARS_NHBE
SRR11412223.sra	SE	mock_SARS_NHBE
SRR11412224.sra	SE	mock_SARS_NHBE
SRR11412225.sra	SE	mock_SARS_NHBE
SRR11412226.sra	SE	mock_SARS_NHBE
SRR11412227.sra	SE	SARS_CoV2_NHBE
SRR11412228.sra	SE	SARS_CoV2_NHBE
SRR11412229.sra	SE	SARS_CoV2_NHBE
SRR11412230.sra	SE	SARS_CoV2_NHBE
SRR11412231.sra	SE	SARS_CoV2_NHBE
SRR11412232.sra	SE	SARS_CoV2_NHBE
SRR11412233.sra	SE	SARS_CoV2_NHBE
SRR11412234.sra	SE	SARS_CoV2_NHBE
SRR11412235.sra	SE	SARS_CoV2_NHBE
SRR11412236.sra	SE	SARS_CoV2_NHBE
SRR11412237.sra	SE	SARS_CoV2_NHBE
SRR11412238.sra	SE	SARS_CoV2_NHBE
SRR11412239.sra	SE	mock_SARS_A549
SRR11412240.sra	SE	mock_SARS_A549
SRR11412241.sra	SE	mock_SARS_A549
SRR11412242.sra	SE	mock_SARS_A549
SRR11412243.sra	SE	mock_SARS_A549
SRR11412244.sra	SE	mock_SARS_A549
SRR11412245.sra	SE	mock_SARS_A549
SRR11412246.sra	SE	mock_SARS_A549
SRR11412247.sra	SE	mock_SARS_A549
SRR11412248.sra	SE	mock_SARS_A549
SRR11412249.sra	SE	mock_SARS_A549
SRR11412250.sra	SE	mock_SARS_A549
SRR11412251.sra	SE	SARS_CoV2_A549
SRR11412252.sra	SE	SARS_CoV2_A549
SRR11412253.sra	SE	SARS_CoV2_A549
SRR11412254.sra	SE	SARS_CoV2_A549
SRR11412255.sra	SE	SARS_CoV2_A549
SRR11412256.sra	SE	SARS_CoV2_A549
SRR11412257.sra	SE	SARS_CoV2_A549
SRR11412258.sra	SE	SARS_CoV2_A549
SRR11412259.sra	SE	SARS_CoV2_A549
SRR11412260.sra	SE	SARS_CoV2_A549
SRR11412261.sra	SE	SARS_CoV2_A549
SRR11412262.sra	SE	SARS_CoV2_A549
SRR11412263.sra	SE	mock_RSV_A549
SRR11412264.sra	SE	mock_RSV_A549
SRR11412265.sra	SE	mock_RSV_A549
SRR11412266.sra	SE	mock_RSV_A549
SRR11412267.sra	SE	mock_RSV_A549
SRR11412268.sra	SE	mock_RSV_A549
SRR11412269.sra	SE	mock_RSV_A549
SRR11412270.sra	SE	mock_RSV_A549
SRR11412271.sra	SE	RSV_A549
SRR11412272.sra	SE	RSV_A549
SRR11412273.sra	SE	RSV_A549
SRR11412274.sra	SE	RSV_A549
SRR11412275.sra	SE	RSV_A549
SRR11412276.sra	SE	RSV_A549
SRR11412277.sra	SE	RSV_A549
SRR11412278.sra	SE	RSV_A549
SRR11412279.sra	SE	mock_flu_A549
SRR11412280.sra	SE	mock_flu_A549
SRR11412281.sra	SE	mock_flu_A549
SRR11412282.sra	SE	mock_flu_A549
SRR11412283.sra	SE	mock_flu_A549
SRR11412284.sra	SE	mock_flu_A549
SRR11412285.sra	SE	mock_flu_A549
SRR11412286.sra	SE	mock_flu_A549
SRR11412287.sra	SE	flu_A549
SRR11412288.sra	SE	flu_A549
SRR11412289.sra	SE	flu_A549
SRR11412290.sra	SE	flu_A549
SRR11412291.sra	SE	flu_A549
SRR11412292.sra	SE	flu_A549
SRR11412293.sra	SE	flu_A549
SRR11412294.sra	SE	flu_A549
