names	type	treatment
SRR1192353.sra	PE	mock
SRR1192354.sra	PE	mock
SRR1192370.sra	PE	mock
SRR1192371.sra	PE	mock
SRR1192399.sra	PE	mock
SRR1192398.sra	PE	mock
SRR1191914.sra	PE	low_24_mers
SRR1191915.sra	PE	low_24_mers
SRR1191953.sra	PE	low_24_mers
SRR1191954.sra	PE	low_24_mers
SRR1191990.sra	PE	low_24_mers
SRR1191991.sra	PE	low_24_mers
SRR1192167.sra	PE	high_24_mers
SRR1192166.sra	PE	high_24_mers
SRR1191668.sra	PE	high_24_mers
SRR1191667.sra	PE	high_24_mers
SRR1191673.sra	PE	high_24_mers
SRR1191672.sra	PE	high_24_mers
SRR1192017.sra	PE	low_48_mers
SRR1192016.sra	PE	low_48_mers
SRR1192073.sra	PE	low_48_mers
SRR1192072.sra	PE	low_48_mers
SRR1192321.sra	PE	low_48_mers
SRR1191695.sra	PE	high_48_mers
SRR1191694.sra	PE	high_48_mers
SRR1191783.sra	PE	high_48_mers
SRR1191876.sra	PE	high_48_mers
SRR1193198.sra	PE	low_24_sars
SRR1193197.sra	PE	low_24_sars
SRR1193199.sra	PE	low_24_sars
SRR1193405.sra	PE	low_24_sars
SRR1193404.sra	PE	low_24_sars
SRR1193403.sra	PE	low_24_sars
SRR1193522.sra	PE	low_24_sars
SRR1193523.sra	PE	low_24_sars
SRR1193524.sra	PE	low_24_sars
SRR1193014.sra	PE	high_24_sars
SRR1193015.sra	PE	high_24_sars
SRR1193013.sra	PE	high_24_sars
SRR1193018.sra	PE	high_24_sars
SRR1193016.sra	PE	high_24_sars
SRR1193017.sra	PE	high_24_sars
SRR1193100.sra	PE	high_24_sars
SRR1193101.sra	PE	high_24_sars
SRR1193102.sra	PE	high_24_sars
SRR1195621.sra	PE	low_48_sars
SRR1195620.sra	PE	low_48_sars
SRR1195619.sra	PE	low_48_sars
SRR1193638.sra	PE	low_48_sars
SRR1193639.sra	PE	low_48_sars
SRR1193104.sra	PE	high_48_sars
SRR1193103.sra	PE	high_48_sars
SRR1193105.sra	PE	high_48_sars
SRR1193106.sra	PE	high_48_sars
